"state","year","D_contribution_difference","D_contribution_prop","income_per_capita","D_pv","R_pv","D_pv2p","R_pv2p","D_pv_lag1","R_pv_lag1","D_pv2p_lag1","R_pv2p_lag1","D_pv_lag2","R_pv_lag2","D_pv2p_lag2","R_pv2p_lag2","margin","winner"
"Alabama",2008,-64483,0.494674432867528,32516,38.74043429,60.31691303,39.10909725,60.89090275,36.84440232,62.46068976,37.10222865,62.89777135,41.56650295,56.48375535,42.39305808,57.60694192,-21.7818055,"R"
"Alabama",2012,-2967386,0.301951766077462,34887,38.3590331,60.54582233,38.78377147,61.21622853,38.74043429,60.31691303,39.10909725,60.89090275,36.84440232,62.46068976,37.10222865,62.89777135,-22.43245706,"R"
"Alabama",2016,-2022295,0.342153495899321,38197,34.35794576,62.08309236,35.62585641,64.37414359,38.3590331,60.54582233,38.78377147,61.21622853,38.74043429,60.31691303,39.10909725,60.89090275,-28.74828718,"R"
"Alabama",2020,-3774436,0.332512975416952,43001,36.56999021,62.03164317,37.08862517,62.91137483,34.35794576,62.08309236,35.62585641,64.37414359,38.3590331,60.54582233,38.78377147,61.21622853,-25.82274966,"R"
"Alabama",2024,-2825838,0.296154353327895,54209,NA,NA,NA,NA,NA,NA,37.08862517,NA,NA,NA,35.62585641,NA,NA,NA
"Alaska",2008,648880,0.687344380130547,43747,37.8893736,59.42451954,38.93521508,61.06478492,35.51686191,61.06532991,36.77371702,63.22628298,27.66633982,58.62095532,32.06305144,67.93694856,-22.12956984,"R"
"Alaska",2012,331223,0.569260738955749,52415,40.81265911,54.8015774,42.68470952,57.31529048,37.8893736,59.42451954,38.93521508,61.06478492,35.51686191,61.06532991,36.77371702,63.22628298,-14.63058096,"R"
"Alaska",2016,175982,0.550454191509297,56714,36.55087129,51.28151208,41.61434529,58.38565471,40.81265911,54.8015774,42.68470952,57.31529048,37.8893736,59.42451954,38.93521508,61.06478492,-16.77130942,"R"
"Alaska",2020,-39245,0.494919282027036,60504,42.77195227,52.83314327,44.73815128,55.26184872,36.55087129,51.28151208,41.61434529,58.38565471,40.81265911,54.8015774,42.68470952,57.31529048,-10.52369744,"R"
"Alaska",2024,-159284,0.464161709250943,71611,NA,NA,NA,NA,NA,NA,44.73815128,NA,NA,NA,41.61434529,NA,NA,NA
"Arizona",2008,-2433412,0.431844522252455,35602,45.11525087,53.63524782,45.68609928,54.31390072,44.39683293,54.86943409,44.72499497,55.27500503,44.73458502,51.02113816,46.71740083,53.28259917,-8.62780144,"R"
"Arizona",2012,-3137451,0.402803359094021,35244,44.58976694,53.65453317,45.38661978,54.61338022,45.11525087,53.63524782,45.68609928,54.31390072,44.39683293,54.86943409,44.72499497,55.27500503,-9.22676044000001,"R"
"Arizona",2016,-622476,0.475379432406995,39836,45.12602184,48.67161647,48.1099766,51.8900234,44.58976694,53.65453317,45.38661978,54.61338022,45.11525087,53.63524782,45.68609928,54.31390072,-3.78004679999999,"R"
"Arizona",2020,-3508658,0.440118991356019,47699,49.36469061,49.05598103,50.15683168,49.84316832,45.12602184,48.67161647,48.1099766,51.8900234,44.58976694,53.65453317,45.38661978,54.61338022,0.313663360000007,"D"
"Arizona",2024,-2810946,0.421084370429838,62543,NA,NA,NA,NA,NA,NA,50.15683168,NA,NA,NA,48.1099766,NA,NA,NA
"Arkansas",2008,438401,0.541548902396885,31036,38.86465977,58.7159045,39.82827939,60.17172061,44.54763045,54.30595908,45.06425175,54.93574825,45.86425626,51.3071977,47.19931049,52.80068951,-20.34344122,"R"
"Arkansas",2012,-1121025,0.347295057782752,34180,36.8789903,60.56693608,37.84559465,62.15440535,38.86465977,58.7159045,39.82827939,60.17172061,44.54763045,54.30595908,45.06425175,54.93574825,-24.3088107,"R"
"Arkansas",2016,373285,0.536696216844526,39266,33.65312413,60.57410216,35.71486231,64.28513769,36.8789903,60.56693608,37.84559465,62.15440535,38.86465977,58.7159045,39.82827939,60.17172061,-28.57027538,"R"
"Arkansas",2020,-740246,0.441463557358511,43736,34.77506195,62.39572986,35.78756672,64.21243328,33.65312413,60.57410216,35.71486231,64.28513769,36.8789903,60.56693608,37.84559465,62.15440535,-28.42486656,"R"
"Arkansas",2024,-1958428,0.286419138595682,57635,NA,NA,NA,NA,NA,NA,35.78756672,NA,NA,NA,35.71486231,NA,NA,NA
"California",2008,89880832,0.75300428548361,43070,61.01263835,36.95485883,62.27844959,37.72155041,54.30555753,44.35769598,55.04132045,44.95867955,53.44973683,41.65149681,56.20299,43.79701,24.55689918,"D"
"California",2012,36829894,0.625674539472975,45509,60.23895914,37.12037852,61.87281116,38.12718884,61.01263835,36.95485883,62.27844959,37.72155041,54.30555753,44.35769598,55.04132045,44.95867955,23.74562232,"D"
"California",2016,78031774,0.758487187297075,53817,61.7263996,31.61710654,66.12822054,33.87177946,60.23895914,37.12037852,61.87281116,38.12718884,61.01263835,36.95485883,62.27844959,37.72155041,32.25644108,"D"
"California",2020,149960545,0.758891593061254,64219,63.48394689,34.32072363,64.90891136,35.09108864,61.7263996,31.61710654,66.12822054,33.87177946,60.23895914,37.12037852,61.87281116,38.12718884,29.81782272,"D"
"California",2024,51713375,0.689567090819819,81255,NA,NA,NA,NA,NA,NA,64.90891136,NA,NA,NA,66.12822054,NA,NA,NA
"Colorado",2008,7951634,0.69689806886401,41760,53.66023684,44.70752211,54.55063469,45.44936531,47.03784225,51.71109535,47.63377044,52.36622956,42.39350901,50.75021477,45.51408006,54.48591994,9.10126938,"D"
"Colorado",2012,-3066,0.499930855403901,43732,51.49222655,46.12709164,52.74798831,47.25201169,53.66023684,44.70752211,54.55063469,45.44936531,47.03784225,51.71109535,47.63377044,52.36622956,5.49597661999999,"D"
"Colorado",2016,5088218,0.650598574086766,51394,48.15698038,43.25139737,52.68333337,47.31666663,51.49222655,46.12709164,52.74798831,47.25201169,53.66023684,44.70752211,54.55063469,45.44936531,5.36666674,"D"
"Colorado",2020,13248683,0.678047673516105,61276,55.01106714,41.60412563,56.93831949,43.06168051,48.15698038,43.25139737,52.68333337,47.31666663,51.49222655,46.12709164,52.74798831,47.25201169,13.87663898,"D"
"Colorado",2024,4459467,0.616224054634962,80068,NA,NA,NA,NA,NA,NA,56.93831949,NA,NA,NA,52.68333337,NA,NA,NA
"Connecticut",2008,10225909,0.707384255294278,57112,60.58882968,38.22146331,61.31833825,38.68166175,54.31370897,43.94727791,55.27494756,44.72505244,55.90962813,38.44360323,59.25565805,40.74434195,22.6366765,"D"
"Connecticut",2012,-2861617,0.426478769689023,62964,58.08501326,40.74511425,58.77257748,41.22742252,60.58882968,38.22146331,61.31833825,38.68166175,54.31370897,43.94727791,55.27494756,44.72505244,17.54515496,"D"
"Connecticut",2016,5446164,0.695421911310835,66220,54.5663011,40.92691438,57.14154752,42.85845248,58.08501326,40.74511425,58.77257748,41.22742252,60.58882968,38.22146331,61.31833825,38.68166175,14.28309504,"D"
"Connecticut",2020,12202518,0.777542021881265,74176,59.26073152,39.18711829,60.19504909,39.80495091,54.5663011,40.92691438,57.14154752,42.85845248,58.08501326,40.74511425,58.77257748,41.22742252,20.39009818,"D"
"Connecticut",2024,3622100,0.651435233582608,89945,NA,NA,NA,NA,NA,NA,60.19504909,NA,NA,NA,57.14154752,NA,NA,NA
"Delaware",2008,1820224,0.807621586834605,41539,61.94266898,36.94703355,62.63813865,37.36186135,53.3468376,45.75281857,53.83150625,46.16849375,54.97772716,41.91628833,56.74006479,43.25993521,25.2762773,"D"
"Delaware",2012,405718,0.590212720919084,43781,58.61074198,39.98260407,59.44695492,40.55304508,61.94266898,36.94703355,62.63813865,37.36186135,53.3468376,45.75281857,53.83150625,46.16849375,18.89390984,"D"
"Delaware",2016,399079,0.629692458982723,47244,53.35333681,41.92282434,55.99862144,44.00137856,58.61074198,39.98260407,59.44695492,40.55304508,61.94266898,36.94703355,62.63813865,37.36186135,11.99724288,"D"
"Delaware",2020,3759528,0.786605138438513,53780,58.74300579,39.77487677,59.62674416,40.37325584,53.35333681,41.92282434,55.99862144,44.00137856,58.61074198,39.98260407,59.44695492,40.55304508,19.25348832,"D"
"Delaware",2024,1351330,0.715143759265958,66850,NA,NA,NA,NA,NA,NA,59.62674416,NA,NA,NA,55.99862144,NA,NA,NA
"District of Columbia",2008,31134516,0.915428181751661,59358,92.45710976,6.532557466,93.40076833,6.599231667,89.18386896,9.339766066,90.52027865,9.479721353,85.15508138,8.951727144,90.48769448,9.512305522,86.801536663,"D"
"District of Columbia",2012,10133856,0.806179289827984,66950,90.91311393,7.278291418,92.5876492,7.412350798,92.45710976,6.532557466,93.40076833,6.599231667,89.18386896,9.339766066,90.52027865,9.479721353,85.175298402,"D"
"District of Columbia",2016,16408824,0.901718548300068,74728,90.48388387,4.070383108,95.69518834,4.304811658,90.91311393,7.278291418,92.5876492,7.412350798,92.45710976,6.532557466,93.40076833,6.599231667,91.390376682,"D"
"District of Columbia",2020,26794968,0.962710641089942,83664,92.14969392,5.397321377,94.46695385,5.533046152,90.48388387,4.070383108,95.69518834,4.304811658,90.91311393,7.278291418,92.5876492,7.412350798,88.933907698,"D"
"District of Columbia",2024,9810162,0.89745453413993,106816,NA,NA,NA,NA,NA,NA,94.46695385,NA,NA,NA,95.69518834,NA,NA,NA
"Florida",2008,6606517,0.555798523936259,39184,51.03330527,48.21531917,51.41966003,48.58033997,47.09111003,52.09751623,47.47632042,52.52367958,48.8378212,48.84682657,49.99539059,50.00460941,2.83932006000001,"D"
"Florida",2012,-17001291,0.363930029810667,40433,50.00786507,49.13097776,50.44225214,49.55774786,51.03330527,48.21531917,51.41966003,48.58033997,47.09111003,52.09751623,47.47632042,52.52367958,0.884504280000002,"D"
"Florida",2016,-6706001,0.441934139747308,44945,47.82331581,49.02194142,49.38116453,50.61883547,50.00786507,49.13097776,50.44225214,49.55774786,51.03330527,48.21531917,51.41966003,48.58033997,-1.23767094,"R"
"Florida",2020,-11413845,0.444982464187624,53663,47.86145073,51.21981962,48.30524534,51.69475466,47.82331581,49.02194142,49.38116453,50.61883547,50.00786507,49.13097776,50.44225214,49.55774786,-3.38950932,"R"
"Florida",2024,-26584643,0.314022159174293,68703,NA,NA,NA,NA,NA,NA,48.30524534,NA,NA,NA,49.38116453,NA,NA,NA
"Georgia",2008,3142074,0.576856646015823,35440,46.9901791,52.20451799,47.37166449,52.62833551,41.37494605,57.97475677,41.6457673,58.3542327,43.21099966,54.95956965,44.01624638,55.98375362,-5.25667102,"R"
"Georgia",2012,-5775694,0.384225005708876,36761,45.50795967,53.32924218,46.0433509,53.9566491,46.9901791,52.20451799,47.37166449,52.62833551,41.37494605,57.97475677,41.6457673,58.3542327,-7.9132982,"R"
"Georgia",2016,-1197424,0.465894656875908,41529,45.63998336,50.77132605,47.3388274,52.6611726,45.50795967,53.32924218,46.0433509,53.9566491,46.9901791,52.20451799,47.37166449,52.62833551,-5.3223452,"R"
"Georgia",2020,-1331272,0.480675791635683,48530,49.47305578,49.2374739,50.11932966,49.88067034,45.63998336,50.77132605,47.3388274,52.6611726,45.50795967,53.32924218,46.0433509,53.9566491,0.238659319999996,"D"
"Georgia",2024,-3717945,0.411935498311993,59882,NA,NA,NA,NA,NA,NA,50.11932966,NA,NA,NA,47.3388274,NA,NA,NA
"Hawaii",2008,2796087,0.840159962666294,40301,71.45291012,26.43620194,72.99372588,27.00627412,54.00955216,45.26459571,54.404448,45.595552,55.79166791,37.4628687,59.82729628,40.17270372,45.98745176,"D"
"Hawaii",2012,1655504,0.740333548188538,42765,70.14793245,27.68214769,71.7038485,28.2961515,71.45291012,26.43620194,72.99372588,27.00627412,54.00955216,45.26459571,54.404448,45.595552,43.407697,"D"
"Hawaii",2016,1052889,0.712434391608905,47150,60.98079806,29.43970717,67.44133745,32.55866255,70.14793245,27.68214769,71.7038485,28.2961515,71.45291012,26.43620194,72.99372588,27.00627412,34.8826749,"D"
"Hawaii",2020,1738204,0.653140869540702,53936,63.14937977,33.95471417,65.03266465,34.96733535,60.98079806,29.43970717,67.44133745,32.55866255,70.14793245,27.68214769,71.7038485,28.2961515,30.0653293,"D"
"Hawaii",2024,1075917,0.679704847093785,66175,NA,NA,NA,NA,NA,NA,65.03266465,NA,NA,NA,67.44133745,NA,NA,NA
"Idaho",2008,-411303,0.419983292524397,32459,36.09098763,61.51709147,36.97541019,63.02458981,30.26491704,68.39094482,30.67726182,69.32273818,27.63812884,67.17043948,29.15150954,70.84849046,-26.04917962,"R"
"Idaho",2012,-1960536,0.25020907899746,33454,32.62233356,64.5297835,33.57861316,66.42138684,36.09098763,61.51709147,36.97541019,63.02458981,30.26491704,68.39094482,30.67726182,69.32273818,-32.84277368,"R"
"Idaho",2016,-506388,0.391603433837997,38838,27.49201382,59.26143237,31.68982332,68.31017668,32.62233356,64.5297835,33.57861316,66.42138684,36.09098763,61.51709147,36.97541019,63.02458981,-36.62035336,"R"
"Idaho",2020,-729067,0.442980175035558,45888,33.06640215,63.83756483,34.12285707,65.87714293,27.49201382,59.26143237,31.68982332,68.31017668,32.62233356,64.5297835,33.57861316,66.42138684,-31.75428586,"R"
"Idaho",2024,-1149116,0.356323862584959,59385,NA,NA,NA,NA,NA,NA,34.12285707,NA,NA,NA,31.68982332,NA,NA,NA
"Illinois",2008,32010130,0.792445768203583,42148,61.91811452,36.78092254,62.73426404,37.26573596,54.82316021,44.47862683,55.20863405,44.79136595,54.59652121,42.58487997,56.18001032,43.81998968,25.46852808,"D"
"Illinois",2012,9195984,0.608663831003674,44074,57.60213536,40.73274127,58.57752339,41.42247661,61.91811452,36.78092254,62.73426404,37.26573596,54.82316021,44.47862683,55.20863405,44.79136595,17.15504678,"D"
"Illinois",2016,11196924,0.698484114923242,50682,55.8253667,38.76175307,59.02005139,40.97994861,57.60213536,40.73274127,58.57752339,41.42247661,61.91811452,36.78092254,62.73426404,37.26573596,18.04010278,"D"
"Illinois",2020,23350219,0.724410689121954,57735,57.54164538,40.55345082,58.65904373,41.34095627,55.8253667,38.76175307,59.02005139,40.97994861,57.60213536,40.73274127,58.57752339,41.42247661,17.31808746,"D"
"Illinois",2024,8465670,0.657423024838625,72245,NA,NA,NA,NA,NA,NA,58.65904373,NA,NA,NA,59.02005139,NA,NA,NA
"Indiana",2008,1891756,0.627251539592441,33845,49.94591164,48.91390718,50.52195345,49.47804655,39.26297467,59.94476504,39.57652375,60.42347625,41.01210293,56.6468816,41.99521747,58.00478253,1.0439069,"D"
"Indiana",2012,-1175828,0.435014737674262,37682,43.9273029,54.12553238,44.7996254,55.2003746,49.94591164,48.91390718,50.52195345,49.47804655,39.26297467,59.94476504,39.57652375,60.42347625,-10.4007492,"R"
"Indiana",2016,-889904,0.442081188804453,42149,37.77483969,56.94003345,39.88269048,60.11730952,43.9273029,54.12553238,44.7996254,55.2003746,49.94591164,48.91390718,50.52195345,49.47804655,-20.23461904,"R"
"Indiana",2020,570575,0.517098411995568,48270,40.96167706,57.02115777,41.80495199,58.19504801,37.77483969,56.94003345,39.88269048,60.11730952,43.9273029,54.12553238,44.7996254,55.2003746,-16.39009602,"R"
"Indiana",2024,-2221023,0.38111640654749,61243,NA,NA,NA,NA,NA,NA,41.80495199,NA,NA,NA,39.88269048,NA,NA,NA
"Iowa",2008,1516272,0.664674706332105,36366,53.92802007,44.39325936,54.84877779,45.15122221,49.23313168,49.90065751,49.66332074,50.33667926,47.19191558,46.88563822,50.16277919,49.83722081,9.69755558,"D"
"Iowa",2012,-464210,0.45802916738244,40880,51.98801653,46.17786851,52.95935193,47.04064807,53.92802007,44.39325936,54.84877779,45.15122221,49.23313168,49.90065751,49.66332074,50.33667926,5.91870385999999,"D"
"Iowa",2016,119309,0.512500217401463,45445,41.75251345,51.16206134,44.93645215,55.06354785,51.98801653,46.17786851,52.95935193,47.04064807,53.92802007,44.39325936,54.84877779,45.15122221,-10.1270957,"R"
"Iowa",2020,1091031,0.566164208957494,49675,44.64723286,52.80019763,45.81673692,54.18326308,41.75251345,51.16206134,44.93645215,55.06354785,51.98801653,46.17786851,52.95935193,47.04064807,-8.36652616000001,"R"
"Iowa",2024,-454067,0.449562513815499,62779,NA,NA,NA,NA,NA,NA,45.81673692,NA,NA,NA,44.93645215,NA,NA,NA
"Kansas",2008,-303997,0.465121967617722,37748,41.65196719,56.61225434,42.38772418,57.61227582,36.62309431,62.00398062,37.13290122,62.86709878,37.23839226,58.04166325,39.08309254,60.91690746,-15.22455164,"R"
"Kansas",2012,-1505330,0.36157650851288,42889,37.99457055,59.71132037,38.88667325,61.11332675,41.65196719,56.61225434,42.38772418,57.61227582,36.62309431,62.00398062,37.13290122,62.86709878,-22.2266535,"R"
"Kansas",2016,-450156,0.444291181404752,46597,36.05237073,56.65458181,38.88852966,61.11147034,37.99457055,59.71132037,38.88667325,61.11332675,41.65196719,56.61225434,42.38772418,57.61227582,-22.22294068,"R"
"Kansas",2020,-1094761,0.431076961471102,52156,41.55955354,56.21251283,42.50657174,57.49342826,36.05237073,56.65458181,38.88852966,61.11147034,37.99457055,59.71132037,38.88667325,61.11332675,-14.98685652,"R"
"Kansas",2024,-974670,0.404926494515279,66115,NA,NA,NA,NA,NA,NA,42.50657174,NA,NA,NA,38.88852966,NA,NA,NA
"Kentucky",2008,1667689,0.649740446385168,31529,41.16811378,57.39902114,41.76657241,58.23342759,39.68707298,59.54951383,39.99238008,60.00761992,41.37818259,56.50648336,42.27238473,57.72761527,-16.46685518,"R"
"Kentucky",2012,-1670207,0.373001330507368,34607,37.80132783,60.4931416,38.45722761,61.54277239,41.16811378,57.39902114,41.76657241,58.23342759,39.68707298,59.54951383,39.99238008,60.00761992,-23.08554478,"R"
"Kentucky",2016,-310721,0.468509166385427,38768,32.68218833,62.51963855,34.32937098,65.67062902,37.80132783,60.4931416,38.45722761,61.54277239,41.16811378,57.39902114,41.76657241,58.23342759,-31.34125804,"R"
"Kentucky",2020,-708923,0.460593088955784,43467,36.15151481,62.08657187,36.7998971,63.2001029,32.68218833,62.51963855,34.32937098,65.67062902,37.80132783,60.4931416,38.45722761,61.54277239,-26.4002058,"R"
"Kentucky",2024,-956973,0.413630424175932,55360,NA,NA,NA,NA,NA,NA,36.7998971,NA,NA,NA,34.32937098,NA,NA,NA
"Louisiana",2008,-696134,0.443379176527313,36208,39.9329138,58.56272131,40.54282584,59.45717416,42.2158647,56.72202134,42.66905873,57.33094127,44.87533245,52.55106317,46.06075403,53.93924597,-18.91434832,"R"
"Louisiana",2012,-4153098,0.270656700454567,38966,40.57746362,57.78457573,41.25317439,58.74682561,39.9329138,58.56272131,40.54282584,59.45717416,42.2158647,56.72202134,42.66905873,57.33094127,-17.49365122,"R"
"Louisiana",2016,-2768234,0.314270869479688,42484,38.4495661,58.08868465,39.82832276,60.17167724,40.57746362,57.78457573,41.25317439,58.74682561,39.9329138,58.56272131,40.54282584,59.45717416,-20.34335448,"R"
"Louisiana",2020,-3439338,0.354589136935414,47015,39.8514568,58.46088241,40.53555954,59.46444046,38.4495661,58.08868465,39.82832276,60.17167724,40.57746362,57.78457573,41.25317439,58.74682561,-18.92888092,"R"
"Louisiana",2024,-2817576,0.288500947159916,58845,NA,NA,NA,NA,NA,NA,40.53555954,NA,NA,NA,39.82832276,NA,NA,NA
"Maine",2008,1989392,0.796593764796949,35402,57.7057373,40.38401834,58.82952498,41.17047502,53.57285569,44.57645744,54.58301641,45.41698359,49.08601647,43.97185099,52.74784154,47.25215846,17.65904996,"D"
"Maine",2012,1966498,0.77075680355469,39503,55.37103419,40.32739204,57.85992139,42.14007861,57.7057373,40.38401834,58.82952498,41.17047502,53.57285569,44.57645744,54.58301641,45.41698359,15.71984278,"D"
"Maine",2016,1785122,0.774722234020877,42943,46.3452141,43.47667808,51.59679113,48.40320887,55.37103419,40.32739204,57.85992139,42.14007861,57.7057373,40.38401834,58.82952498,41.17047502,3.19358226,"D"
"Maine",2020,2925373,0.763597699378349,49984,52.52557935,43.55122811,54.67040458,45.32959542,46.3452141,43.47667808,51.59679113,48.40320887,55.37103419,40.32739204,57.85992139,42.14007861,9.34080916000001,"D"
"Maine",2024,2425169,0.774061920342928,65105,NA,NA,NA,NA,NA,NA,54.67040458,NA,NA,NA,51.59679113,NA,NA,NA
"Maryland",2008,20739315,0.820956263977883,47033,61.91934476,36.47451965,62.93008729,37.06991271,55.97146761,42.97821778,56.56541637,43.43428692,56.48830838,40.18478066,58.43229894,41.56770106,25.86017458,"D"
"Maryland",2012,11373269,0.713406717388451,51803,61.97419078,35.89773234,63.32172579,36.67827421,61.91934476,36.47451965,62.93008729,37.06991271,55.97146761,42.97821778,56.56541637,43.43428692,26.64345158,"D"
"Maryland",2016,15110380,0.810450329443002,55041,60.32574424,33.90930473,64.00802004,35.9791244,61.97419078,35.89773234,63.32172579,36.67827421,61.91934476,36.47451965,62.93008729,37.06991271,28.02889564,"D"
"Maryland",2020,26005388,0.812375457084781,61725,65.36066486,32.15029157,67.02904705,32.97095295,60.32574424,33.90930473,64.00802004,35.9791244,61.97419078,35.89773234,63.32172579,36.67827421,34.0580941,"D"
"Maryland",2024,10199901,0.748556494149727,75391,NA,NA,NA,NA,NA,NA,67.02904705,NA,NA,NA,64.00802004,NA,NA,NA
"Massachusetts",2008,23357911,0.780619334685761,49662,61.3631991,35.73495929,63.19707821,36.80292179,61.6166602,36.58840187,62.74285551,37.25714449,59.12612602,32.13290299,64.78934376,35.21065624,26.39415642,"D"
"Massachusetts",2012,11069110,0.650282534874733,54764,60.33830832,37.31912232,61.78568075,38.21431925,61.3631991,35.73495929,63.19707821,36.80292179,61.6166602,36.58840187,62.74285551,37.25714449,23.5713615,"D"
"Massachusetts",2016,21721839,0.849247931242956,61548,59.0500651,32.28620279,64.65127869,35.34872131,60.33830832,37.31912232,61.78568075,38.21431925,61.3631991,35.73495929,63.19707821,36.80292179,29.30255738,"D"
"Massachusetts",2020,43604734,0.86900414326354,72383,65.1229837,31.90815759,67.11554954,32.88445046,59.0500651,32.28620279,64.65127869,35.34872131,60.33830832,37.31912232,61.78568075,38.21431925,34.23109908,"D"
"Massachusetts",2024,18023311,0.799643831827681,90596,NA,NA,NA,NA,NA,NA,67.11554954,NA,NA,NA,64.65127869,NA,NA,NA
"Michigan",2008,1704972,0.549339214085469,34669,57.43324731,40.95970566,58.37130158,41.62869842,51.23070673,47.81205856,51.72584447,48.27415553,51.27979887,46.14621473,52.63460648,47.36539352,16.74260316,"D"
"Michigan",2012,-1770303,0.458200094343004,37689,54.20820421,44.71091603,54.80053207,45.19946793,57.43324731,40.95970566,58.37130158,41.62869842,51.23070673,47.81205856,51.72584447,48.27415553,9.60106414,"D"
"Michigan",2016,1181949,0.536847249464835,42984,47.27453095,47.49756422,49.88233178,50.11766822,54.20820421,44.71091603,54.80053207,45.19946793,57.43324731,40.95970566,58.37130158,41.62869842,-0.235336439999998,"R"
"Michigan",2020,3093251,0.550173581965188,48577,50.62081829,47.83729069,51.41355934,48.58644066,47.27453095,47.49756422,49.88233178,50.11766822,54.20820421,44.71091603,54.80053207,45.19946793,2.82711868,"D"
"Michigan",2024,966797,0.528267369209067,61144,NA,NA,NA,NA,NA,NA,51.41355934,NA,NA,NA,49.88233178,NA,NA,NA
"Minnesota",2008,4491903,0.699484606268304,41325,54.0602927,43.82293104,55.229375,44.770625,51.08968469,47.61353379,51.76091061,48.23908939,47.90557206,45.50235065,51.28641198,48.71358802,10.45875,"D"
"Minnesota",2012,1083646,0.541217123930629,45137,52.65230315,44.95820111,53.94122646,46.05877354,54.0602927,43.82293104,55.229375,44.770625,51.08968469,47.61353379,51.76091061,48.23908939,7.88245292000001,"D"
"Minnesota",2016,3485545,0.673912260339226,51362,46.44503396,44.9251931,50.83169371,49.16830629,52.65230315,44.95820111,53.94122646,46.05877354,54.0602927,43.82293104,55.229375,44.770625,1.66338742000001,"D"
"Minnesota",2020,10262580,0.713928291920613,57905,52.39509931,45.28494241,53.63951365,46.36048635,46.44503396,44.9251931,50.83169371,49.16830629,52.65230315,44.95820111,53.94122646,46.05877354,7.2790273,"D"
"Minnesota",2024,4804844,0.671430728462606,72557,NA,NA,NA,NA,NA,NA,53.63951365,NA,NA,NA,50.83169371,NA,NA,NA
"Mississippi",2008,-775007,0.3758554284647,29432,43.00155443,56.17618898,43.35806901,56.64193099,40.16111259,59.01437415,40.49499923,59.50500077,40.69810015,57.6195151,41.39451516,58.60548484,-13.28386198,"R"
"Mississippi",2012,-2033254,0.2436284562334,32454,43.78935954,55.28584674,44.1981008,55.8018992,43.00155443,56.17618898,43.35806901,56.64193099,40.16111259,59.01437415,40.49499923,59.50500077,-11.6037984,"R"
"Mississippi",2016,-1545123,0.24654200916313,35100,40.11478827,57.94103809,40.91015268,59.08984732,43.78935954,55.28584674,44.1981008,55.8018992,43.00155443,56.17618898,43.35806901,56.64193099,-18.17969464,"R"
"Mississippi",2020,-2455315,0.24939449024397,39143,41.05760646,57.60295458,41.61501417,58.38498583,40.11478827,57.94103809,40.91015268,59.08984732,43.78935954,55.28584674,44.1981008,55.8018992,-16.76997166,"R"
"Mississippi",2024,-1759130,0.198377910892434,49652,NA,NA,NA,NA,NA,NA,41.61501417,NA,NA,NA,40.91015268,NA,NA,NA
"Missouri",2008,1833846,0.579295742784173,35228,49.29264787,49.42607441,49.93242085,50.06757915,46.10044652,53.29619194,46.38028733,53.61971267,47.08427335,50.42281596,48.28805134,51.71194866,-0.135158300000001,"R"
"Missouri",2012,-3004869,0.379943554629582,38402,44.38348355,53.76374114,45.22133325,54.77866675,49.29264787,49.42607441,49.93242085,50.06757915,46.10044652,53.29619194,46.38028733,53.61971267,-9.5573335,"R"
"Missouri",2016,671912,0.534224830350969,42677,38.13523084,56.77234784,40.181439,59.818561,44.38348355,53.76374114,45.22133325,54.77866675,49.29264787,49.42607441,49.93242085,50.06757915,-19.637122,"R"
"Missouri",2020,658488,0.519871300430568,48425,41.40878174,56.79965578,42.16417936,57.83582064,38.13523084,56.77234784,40.181439,59.818561,44.38348355,53.76374114,45.22133325,54.77866675,-15.67164128,"R"
"Missouri",2024,-901967,0.454626710552593,62604,NA,NA,NA,NA,NA,NA,42.16417936,NA,NA,NA,40.181439,NA,NA,NA
"Montana",2008,783602,0.6902118346608,33841,47.26846477,49.53245094,48.83059672,51.16940328,38.56502839,59.06814317,39.49992382,60.50007618,33.36512679,58.43946022,36.34363802,63.65636198,-2.33880655999999,"R"
"Montana",2012,-330916,0.435270115369719,38152,41.69813737,55.35153538,42.96576814,57.03423186,47.26846477,49.53245094,48.83059672,51.16940328,38.56502839,59.06814317,39.49992382,60.50007618,-14.06846372,"R"
"Montana",2016,-323237,0.421678742234798,43100,35.93521878,56.46619187,38.89033568,61.10966432,41.69813737,55.35153538,42.96576814,57.03423186,47.26846477,49.53245094,48.83059672,51.16940328,-22.21932864,"R"
"Montana",2020,-131380,0.486337286209415,49655,40.54936936,56.91846924,41.60281991,58.39718009,35.93521878,56.46619187,38.89033568,61.10966432,41.69813737,55.35153538,42.96576814,57.03423186,-16.79436018,"R"
"Montana",2024,-595117,0.399451094010457,64989,NA,NA,NA,NA,NA,NA,41.60281991,NA,NA,NA,38.89033568,NA,NA,NA
"Nebraska",2008,242847,0.552976007909087,38184,41.59826578,56.53185337,42.39092558,57.60907442,32.68216082,65.8986412,33.15266274,66.84733726,33.25303901,62.24536203,34.82051914,65.17948086,-15.21814884,"R"
"Nebraska",2012,-1384111,0.30253564416581,45611,38.02731442,59.80319218,38.87060973,61.12939027,41.59826578,56.53185337,42.39092558,57.60907442,32.68216082,65.8986412,33.15266274,66.84733726,-22.25878054,"R"
"Nebraska",2016,-78358,0.483977035618675,49716,33.69875638,58.74735113,36.45232589,63.54767411,38.02731442,59.80319218,38.87060973,61.12939027,41.59826578,56.53185337,42.39092558,57.60907442,-27.09534822,"R"
"Nebraska",2020,-710414,0.425617642008452,53514,39.16663094,58.22416333,40.21594775,59.78405225,33.69875638,58.74735113,36.45232589,63.54767411,38.02731442,59.80319218,38.87060973,61.12939027,-19.5681045,"R"
"Nebraska",2024,-734390,0.373548212466691,71347,NA,NA,NA,NA,NA,NA,40.21594775,NA,NA,NA,36.45232589,NA,NA,NA
"Nevada",2008,-171632,0.488901821417302,39870,55.14667592,42.65411511,56.38673813,43.61326187,47.87804052,50.46969155,48.68240428,51.31759572,45.94126276,49.48508925,48.1431615,51.8568385,12.77347626,"D"
"Nevada",2012,-2769116,0.324663100049414,38589,52.35624947,45.67531564,53.40754216,46.59245784,55.14667592,42.65411511,56.38673813,43.61326187,47.87804052,50.46969155,48.68240428,51.31759572,6.81508432,"D"
"Nevada",2016,-498958,0.461962045446298,43783,47.91782368,45.50069532,51.29370942,48.70629058,52.35624947,45.67531564,53.40754216,46.59245784,55.14667592,42.65411511,56.38673813,43.61326187,2.58741884,"D"
"Nevada",2020,-2027356,0.429461894679181,51937,50.05678196,47.66624732,51.22311734,48.77688266,47.91782368,45.50069532,51.29370942,48.70629058,52.35624947,45.67531564,53.40754216,46.59245784,2.44623468,"D"
"Nevada",2024,-2478539,0.350942508434831,66238,NA,NA,NA,NA,NA,NA,51.22311734,NA,NA,NA,51.29370942,NA,NA,NA
"New Hampshire",2008,1579845,0.660374822580635,44422,54.12689706,44.52142847,54.86854112,45.13145888,50.20161082,48.83434298,50.69028862,49.30971138,46.80317916,48.07030985,49.3321998,50.6678002,9.73708224000001,"D"
"New Hampshire",2012,219031,0.52241891897148,49088,51.97968415,46.40379649,52.83375198,47.16624802,54.12689706,44.52142847,54.86854112,45.13145888,50.20161082,48.83434298,50.69028862,49.30971138,5.66750396,"D"
"New Hampshire",2016,1298924,0.659745985332517,54166,46.82626267,46.45866698,50.19702844,49.80297156,51.97968415,46.40379649,52.83375198,47.16624802,54.12689706,44.52142847,54.86854112,45.13145888,0.394056879999994,"D"
"New Hampshire",2020,3286237,0.704921081142023,63947,52.70782528,45.3562595,53.74834772,46.25165228,46.82626267,46.45866698,50.19702844,49.80297156,51.97968415,46.40379649,52.83375198,47.16624802,7.49669544,"D"
"New Hampshire",2024,897859,0.594638049585056,78944,NA,NA,NA,NA,NA,NA,53.74834772,NA,NA,NA,50.19702844,NA,NA,NA
"New Jersey",2008,12765978,0.695741008103195,50133,57.27213715,41.70393386,57.86462987,42.13537013,52.92340901,46.23881168,53.37053632,46.62946368,56.12560892,40.29124386,58.21140942,41.78859058,15.72925974,"D"
"New Jersey",2012,105130,0.502074262913544,52862,58.34235491,40.62356483,58.95196555,41.04803445,57.27213715,41.70393386,57.86462987,42.13537013,52.92340901,46.23881168,53.37053632,46.62946368,17.9039311,"D"
"New Jersey",2016,4101305,0.582560494264858,58425,55.45308445,41.35038665,57.28419014,42.71580986,58.34235491,40.62356483,58.95196555,41.04803445,57.27213715,41.70393386,57.86462987,42.13537013,14.56838028,"D"
"New Jersey",2020,16826598,0.698067762616795,67522,57.33419675,41.39652386,58.07128359,41.92871641,55.45308445,41.35038665,57.28419014,42.71580986,58.34235491,40.62356483,58.95196555,41.04803445,16.14256718,"D"
"New Jersey",2024,1467354,0.533485239470098,82103,NA,NA,NA,NA,NA,NA,58.07128359,NA,NA,NA,57.28419014,NA,NA,NA
"New Mexico",2008,9220169,0.881109366711178,31780,56.90748026,41.77903483,57.66490002,42.33509998,49.04667964,49.83842476,49.59966411,50.40033589,47.90855405,47.8474119,50.03192603,49.96807397,15.32980004,"D"
"New Mexico",2012,1371718,0.61096275285618,35069,52.99276052,42.84332664,55.29520465,44.70479535,56.90748026,41.77903483,57.66490002,42.33509998,49.04667964,49.83842476,49.59966411,50.40033589,10.5904093,"D"
"New Mexico",2016,2072927,0.696126029177542,37753,48.25564718,40.04251433,54.65079493,45.34920507,52.99276052,42.84332664,55.29520465,44.70479535,56.90748026,41.77903483,57.66490002,42.33509998,9.30158986000001,"D"
"New Mexico",2020,2558378,0.62346414094491,43224,54.28928585,43.49666925,55.51849015,44.48150985,48.25564718,40.04251433,54.65079493,45.34920507,52.99276052,42.84332664,55.29520465,44.70479535,11.0369803,"D"
"New Mexico",2024,2270577,0.681598828081449,55343,NA,NA,NA,NA,NA,NA,55.51849015,NA,NA,NA,54.65079493,NA,NA,NA
"New York",2008,72388036,0.790252143934518,47020,60.15696154,31.31723711,65.76385738,34.23614262,56.13058127,37.68652999,59.82979066,40.17020934,56.63927048,32.44981656,63.57599158,36.42400842,31.52771476,"D"
"New York",2012,21158482,0.632365528432466,50775,60.76098417,31.24159733,66.04269487,33.95730513,60.15696154,31.31723711,65.76385738,34.23614262,56.13058127,37.68652999,59.82979066,40.17020934,32.08538974,"D"
"New York",2016,55708173,0.806985560713271,56603,56.1361426,32.39060231,63.4115065,36.5884935,60.76098417,31.24159733,66.04269487,33.95730513,60.15696154,31.31723711,65.76385738,34.23614262,26.823013,"D"
"New York",2020,81650217,0.789088120488294,66454,60.39188454,37.46129384,61.71683489,38.28316511,56.1361426,32.39060231,63.4115065,36.5884935,60.76098417,31.24159733,66.04269487,33.95730513,23.43366978,"D"
"New York",2024,25349905,0.711688536136805,82323,NA,NA,NA,NA,NA,NA,61.71683489,NA,NA,NA,63.4115065,NA,NA,NA
"North Carolina",2008,7906350,0.723092071603459,35960,49.7036664,49.37479862,50.1659633,49.8340367,43.58314622,56.01719734,43.758028,56.241972,43.14567117,55.95775629,43.53600302,56.46399698,0.331926600000003,"D"
"North Carolina",2012,802589,0.52006880398441,36816,48.35096858,50.3930641,48.9659651,51.0340349,49.7036664,49.37479862,50.1659633,49.8340367,43.58314622,56.01719734,43.758028,56.241972,-2.0680698,"R"
"North Carolina",2016,1247501,0.540054895873087,41617,46.17286617,49.8280947,48.0962542,51.9037458,48.35096858,50.3930641,48.9659651,51.0340349,49.7036664,49.37479862,50.1659633,49.8340367,-3.80749160000001,"R"
"North Carolina",2020,4198560,0.563309249070905,48369,48.58621178,49.93433249,49.31581747,50.68418253,46.17286617,49.8280947,48.0962542,51.9037458,48.35096858,50.3930641,48.9659651,51.0340349,-1.36836506,"R"
"North Carolina",2024,977270,0.522401777123143,61839,NA,NA,NA,NA,NA,NA,49.31581747,NA,NA,NA,48.0962542,NA,NA,NA
"North Dakota",2008,-39606,0.463436790310371,36501,44.62054001,53.25010028,45.59134372,54.40865628,35.49881247,62.86133496,36.09064585,63.90935415,33.0553397,60.65858126,35.27260343,64.72739657,-8.81731256,"R"
"North Dakota",2012,-471380,0.270287576679642,48886,38.69731089,58.31568256,39.88879171,60.11120829,44.62054001,53.25010028,45.59134372,54.40865628,35.49881247,62.86133496,36.09064585,63.90935415,-20.22241658,"R"
"North Dakota",2016,-238264,0.364035297957768,52981,27.22673946,62.95562783,30.1907571,69.8092429,38.69731089,58.31568256,39.88879171,60.11120829,44.62054001,53.25010028,45.59134372,54.40865628,-39.6184858,"R"
"North Dakota",2020,-881467,0.279575168056783,56660,31.75676236,65.11404874,32.78259158,67.21740842,27.22673946,62.95562783,30.1907571,69.8092429,38.69731089,58.31568256,39.88879171,60.11120829,-34.43481684,"R"
"North Dakota",2024,-1331871,0.151283698761623,72041,NA,NA,NA,NA,NA,NA,32.78259158,NA,NA,NA,30.1907571,NA,NA,NA
"Ohio",2008,1375430,0.536267243836074,35371,51.50427006,46.91057836,52.33384076,47.66615924,48.70668524,50.81402434,48.941256,51.058744,46.44042809,49.98647384,48.16127778,51.83872222,4.66768152,"D"
"Ohio",2012,-5495029,0.377767212254303,38928,50.66674766,47.68844088,51.51405677,48.48594323,51.50427006,46.91057836,52.33384076,47.66615924,48.70668524,50.81402434,48.941256,51.058744,3.02811354000001,"D"
"Ohio",2016,-3555918,0.410683737283568,43801,43.55807628,51.68765068,45.73231542,54.26768458,50.66674766,47.68844088,51.51405677,48.48594323,51.50427006,46.91057836,52.33384076,47.66615924,-8.53536916,"R"
"Ohio",2020,1903451,0.528749885926397,49395,45.23933834,53.2713001,45.92330235,54.07669765,43.55807628,51.68765068,45.73231542,54.26768458,50.66674766,47.68844088,51.51405677,48.48594323,-8.1533953,"R"
"Ohio",2024,-2352282,0.434941095007029,61495,NA,NA,NA,NA,NA,NA,45.92330235,NA,NA,NA,45.73231542,NA,NA,NA
"Oklahoma",2008,-55369,0.495534158057042,35493,34.35491888,65.64508112,34.35491888,65.64508112,34.42959834,65.57040166,34.42959834,65.57040166,38.42690457,60.30785211,38.91932878,61.08067122,-31.29016224,"R"
"Oklahoma",2012,-4134181,0.252243643026407,39693,33.22768026,66.77231974,33.22768026,66.77231974,34.35491888,65.64508112,34.35491888,65.64508112,34.42959834,65.57040166,34.42959834,65.57040166,-33.54463948,"R"
"Oklahoma",2016,-1448925,0.388665414183792,44277,28.93168028,65.32286482,30.69526276,69.30473724,33.22768026,66.77231974,33.22768026,66.77231974,34.35491888,65.64508112,34.35491888,65.64508112,-38.60947448,"R"
"Oklahoma",2020,-3004941,0.354847694322661,48176,32.28617434,65.37327185,33.0599605,66.9400395,28.93168028,65.32286482,30.69526276,69.30473724,33.22768026,66.77231974,33.22768026,66.77231974,-33.880079,"R"
"Oklahoma",2024,-2458579,0.299120242750708,60545,NA,NA,NA,NA,NA,NA,33.0599605,NA,NA,NA,30.69526276,NA,NA,NA
"Oregon",2008,5969149,0.78150433026703,35624,56.74880626,40.40098169,58.41372118,41.58627882,51.34866304,47.19291674,52.10862577,47.89137423,46.95994002,46.51892174,50.23589199,49.76410801,16.82744236,"D"
"Oregon",2012,3986457,0.678853576809523,37531,54.23932665,42.14987118,56.27116718,43.72883282,56.74880626,40.40098169,58.41372118,41.58627882,51.34866304,47.19291674,52.10862577,47.89137423,12.54233436,"D"
"Oregon",2016,5315355,0.754339683058893,44166,50.071852,39.09403518,56.15583895,43.84416105,54.23932665,42.14987118,56.27116718,43.72883282,56.74880626,40.40098169,58.41372118,41.58627882,12.3116779,"D"
"Oregon",2020,12191925,0.746804167987707,52189,56.45331865,40.36724605,58.30715699,41.69284301,50.071852,39.09403518,56.15583895,43.84416105,54.23932665,42.14987118,56.27116718,43.72883282,16.61431398,"D"
"Oregon",2024,5738650,0.709445621038484,67838,NA,NA,NA,NA,NA,NA,58.30715699,NA,NA,NA,56.15583895,NA,NA,NA
"Pennsylvania",2008,13935969,0.732271809689763,40008,54.48552801,44.16705248,55.22970382,44.77029618,50.92380914,48.42366615,51.2582821,48.7417179,50.60817131,46.43813293,52.14847872,47.85152128,10.45940764,"D"
"Pennsylvania",2012,-603154,0.490167789556392,44120,52.0768577,46.68086603,52.731934,47.268066,54.48552801,44.16705248,55.22970382,44.77029618,50.92380914,48.42366615,51.2582821,48.7417179,5.463868,"D"
"Pennsylvania",2016,5650474,0.612794367605652,49293,47.85361616,48.5778858,49.62446419,50.37553581,52.0768577,46.68086603,52.731934,47.268066,54.48552801,44.16705248,55.22970382,44.77029618,-0.751071620000005,"R"
"Pennsylvania",2020,18207605,0.680998842628053,56139,50.00849568,48.84361204,50.58920526,49.41079474,47.85361616,48.5778858,49.62446419,50.37553581,52.0768577,46.68086603,52.731934,47.268066,1.17841052,"D"
"Pennsylvania",2024,4078956,0.577161179506193,68945,NA,NA,NA,NA,NA,NA,50.58920526,NA,NA,NA,49.62446419,NA,NA,NA
"Rhode Island",2008,1842199,0.79416680106604,40608,62.86400461,35.05784647,64.19813751,35.80186249,59.42342623,38.67143713,60.57751058,39.42248942,60.98770019,31.91179921,65.64911607,34.35088393,28.39627502,"D"
"Rhode Island",2012,675952,0.643938645415612,44099,62.70095886,35.24366157,64.01674598,35.98325402,62.86400461,35.05784647,64.19813751,35.80186249,59.42342623,38.67143713,60.57751058,39.42248942,28.03349196,"D"
"Rhode Island",2016,1686366,0.827044808214141,48058,54.40660657,38.8980575,58.31070409,41.68929591,62.70095886,35.24366157,64.01674598,35.98325402,62.86400461,35.05784647,64.19813751,35.80186249,16.62140818,"D"
"Rhode Island",2020,2828734,0.804882107632965,55126,59.47619877,38.67038047,60.59935988,39.40064012,54.40660657,38.8980575,58.31070409,41.68929591,62.70095886,35.24366157,64.01674598,35.98325402,21.19871976,"D"
"Rhode Island",2024,1308072,0.760872686776956,67562,NA,NA,NA,NA,NA,NA,60.59935988,NA,NA,NA,58.31070409,NA,NA,NA
"South Carolina",2008,-909707,0.440025690457414,32190,44.89656002,53.87364398,45.45557081,54.54442919,40.90183594,57.98194968,41.36354174,58.63645826,40.90152337,56.86038462,41.83789393,58.16210607,-9.08885838,"R"
"South Carolina",2012,-2169819,0.357911127194032,34398,44.08803341,54.56113126,44.6917453,55.3082547,44.89656002,53.87364398,45.45557081,54.54442919,40.90183594,57.98194968,41.36354174,58.63645826,-10.6165094,"R"
"South Carolina",2016,-2801137,0.333047403993244,39577,40.67341979,54.93933269,42.53974364,57.46025636,44.08803341,54.56113126,44.6917453,55.3082547,44.89656002,53.87364398,45.45557081,54.54442919,-14.92051272,"R"
"South Carolina",2020,-1403202,0.450091806474853,46143,43.4168385,55.09348092,44.07339125,55.92660875,40.67341979,54.93933269,42.53974364,57.46025636,44.08803341,54.56113126,44.6917453,55.3082547,-11.8532175,"R"
"South Carolina",2024,-7838205,0.22291125339043,57332,NA,NA,NA,NA,NA,NA,44.07339125,NA,NA,NA,42.53974364,NA,NA,NA
"South Dakota",2008,-131239,0.435552604776922,38330,44.74743111,53.15897637,45.70429277,54.29570723,38.44364592,59.91113172,39.0867092,60.9132908,37.56422539,60.29677268,38.38528743,61.61471257,-8.59141446,"R"
"South Dakota",2012,-664478,0.27337565158789,44530,39.86614076,57.88931188,40.78150086,59.21849914,44.74743111,53.15897637,45.70429277,54.29570723,38.44364592,59.91113172,39.0867092,60.9132908,-18.43699828,"R"
"South Dakota",2016,-167507,0.430627260732032,48302,31.73742816,61.53075038,34.02814192,65.97185808,39.86614076,57.88931188,40.78150086,59.21849914,44.74743111,53.15897637,45.70429277,54.29570723,-31.94371616,"R"
"South Dakota",2020,-536774,0.390432372188723,54406,35.60525214,61.76938967,36.56522014,63.43477986,31.73742816,61.53075038,34.02814192,65.97185808,39.86614076,57.88931188,40.78150086,59.21849914,-26.86955972,"R"
"South Dakota",2024,-741412,0.273220787737603,72466,NA,NA,NA,NA,NA,NA,36.56522014,NA,NA,NA,34.02814192,NA,NA,NA
"Tennessee",2008,-2781619,0.390828408753291,33963,41.82853806,56.89695428,42.3685282,57.6314718,42.52529111,56.79908949,42.81455455,57.18544545,47.28489472,51.14915318,48.03713321,51.96286679,-15.2629436,"R"
"Tennessee",2012,-4189277,0.345602452270946,37698,39.07581499,59.47871472,39.64892847,60.35107153,41.82853806,56.89695428,42.3685282,57.6314718,42.52529111,56.79908949,42.81455455,57.18544545,-20.70214306,"R"
"Tennessee",2016,-1889496,0.414957960923877,41942,34.7163328,60.72203369,36.37565695,63.62434305,39.07581499,59.47871472,39.64892847,60.35107153,41.82853806,56.89695428,42.3685282,57.6314718,-27.2486861,"R"
"Tennessee",2020,-1288360,0.468125005319262,48905,37.45143427,60.66029417,38.17222963,61.82777037,34.7163328,60.72203369,36.37565695,63.62434305,39.07581499,59.47871472,39.64892847,60.35107153,-23.65554074,"R"
"Tennessee",2024,-4590942,0.334606470106588,62229,NA,NA,NA,NA,NA,NA,38.17222963,NA,NA,NA,36.37565695,NA,NA,NA
"Texas",2008,351728,0.502652458363942,36879,43.68312145,55.45236045,44.06406325,55.93593675,38.22426046,61.08582277,38.4898081,61.5101919,37.98195809,59.29859947,39.04372985,60.95627015,-11.8718735,"R"
"Texas",2012,-33485354,0.295662161953364,41937,41.38335828,57.16697747,41.99210278,58.00789722,43.68312145,55.45236045,44.06406325,55.93593675,38.22426046,61.08582277,38.4898081,61.5101919,-16.01579444,"R"
"Texas",2016,-22739431,0.349212658851708,46760,43.23525798,52.23468558,45.28677442,54.71322558,41.38335828,57.16697747,41.99210278,58.00789722,43.68312145,55.45236045,44.06406325,55.93593675,-9.42645116,"R"
"Texas",2020,-10200443,0.453034114454742,53268,46.47900991,52.0576036,47.16927876,52.83072124,43.23525798,52.23468558,45.28677442,54.71322558,41.38335828,57.16697747,41.99210278,58.00789722,-5.66144248,"R"
"Texas",2024,-18361911,0.352072416518272,66252,NA,NA,NA,NA,NA,NA,47.16927876,NA,NA,NA,45.28677442,NA,NA,NA
"Utah",2008,-4427341,0.261263200556575,32924,34.40574567,62.58386971,35.47363863,64.52636137,25.99564151,71.53594785,26.65356084,73.34643916,26.34472218,66.83014295,28.27449457,71.72550543,-29.05272274,"R"
"Utah",2012,-7976420,0.165812976063648,34022,24.74966583,72.7905331,25.3738111,74.6261889,34.40574567,62.58386971,35.47363863,64.52636137,25.99564151,71.53594785,26.65356084,73.34643916,-49.2523778,"R"
"Utah",2016,-215589,0.471739605188957,39899,27.46126859,45.54081659,37.61710165,62.38289835,24.74966583,72.7905331,25.3738111,74.6261889,34.40574567,62.58386971,35.47363863,64.52636137,-24.7657967,"R"
"Utah",2020,705165,0.543282639227925,48168,37.64604858,58.12983903,39.30639488,60.69360512,27.46126859,45.54081659,37.61710165,62.38289835,24.74966583,72.7905331,25.3738111,74.6261889,-21.38721024,"R"
"Utah",2024,-180066,0.485265337825431,64175,NA,NA,NA,NA,NA,NA,39.30639488,NA,NA,NA,37.61710165,NA,NA,NA
"Vermont",2008,2047337,0.873355690867877,38595,67.4556832,30.44922872,68.89918174,31.10081826,58.93746258,38.80131536,60.30100214,39.69899786,50.63470922,40.6971608,55.4403509,44.5596491,37.79836348,"D"
"Vermont",2012,1989968,0.849495629302466,43756,66.5705503,30.97263524,68.24725883,31.75274117,67.4556832,30.44922872,68.89918174,31.10081826,58.93746258,38.80131536,60.30100214,39.69899786,36.49451766,"D"
"Vermont",2016,3082484,0.91910412272792,48120,55.72274212,29.7593824,65.18642632,34.81357368,66.5705503,30.97263524,68.24725883,31.75274117,67.4556832,30.44922872,68.89918174,31.10081826,30.37285264,"D"
"Vermont",2020,3470421,0.902665788257834,54278,65.45578055,30.38105713,68.29918655,31.70081345,55.72274212,29.7593824,65.18642632,34.81357368,66.5705503,30.97263524,68.24725883,31.75274117,36.5983731,"D"
"Vermont",2024,1815110,0.858124857449295,66932,NA,NA,NA,NA,NA,NA,68.29918655,NA,NA,NA,65.18642632,NA,NA,NA
"Virginia",2008,-1367229,0.485968082909875,44020,52.62946987,46.33050069,53.18258441,46.81741559,45.5259176,53.73195657,45.86630329,54.13369671,44.43561054,52.47372919,45.85276369,54.14723631,6.36516881999999,"D"
"Virginia",2012,-955829,0.486210401081644,47564,51.1564568,47.2831029,51.96737669,48.03262331,52.62946987,46.33050069,53.18258441,46.81741559,45.5259176,53.73195657,45.86630329,54.13369671,3.93475338,"D"
"Virginia",2016,8198633,0.644493039015149,51620,49.75135283,44.42764701,52.82637628,47.17362372,51.1564568,47.2831029,51.96737669,48.03262331,52.62946987,46.33050069,53.18258441,46.81741559,5.65275256,"D"
"Virginia",2020,20773703,0.721237890875614,58363,54.10951718,43.99550367,55.154687,44.845313,49.75135283,44.42764701,52.82637628,47.17362372,51.1564568,47.2831029,51.96737669,48.03262331,10.309374,"D"
"Virginia",2024,5572615,0.605658539352647,73841,NA,NA,NA,NA,NA,NA,55.154687,NA,NA,NA,52.82637628,NA,NA,NA
"Washington",2008,15886491,0.812646820498213,42524,57.65289221,40.47630494,58.7520268,41.2479732,52.82114831,45.64028199,53.64653768,46.35346232,50.15821532,44.57864795,52.94477101,47.05522899,17.5040536,"D"
"Washington",2012,8341943,0.666397022657796,44281,56.1633983,41.29462143,57.62829827,42.37170173,57.65289221,40.47630494,58.7520268,41.2479732,52.82114831,45.64028199,53.64653768,46.35346232,15.25659654,"D"
"Washington",2016,12902643,0.767952337679378,52415,52.53868006,36.83268019,58.7869312,41.2130688,56.1633983,41.29462143,57.62829827,42.37170173,57.65289221,40.47630494,58.7520268,41.2479732,17.5738624,"D"
"Washington",2020,34527847,0.800234613242662,63432,57.97030114,38.76697774,59.92550318,40.07449682,52.53868006,36.83268019,58.7869312,41.2130688,56.1633983,41.29462143,57.62829827,42.37170173,19.85100636,"D"
"Washington",2024,15193016,0.747740788367006,80930,NA,NA,NA,NA,NA,NA,59.92550318,NA,NA,NA,58.7869312,NA,NA,NA
"West Virginia",2008,677408,0.688810635259175,29544,42.58975038,55.71034311,43.32625623,56.67374377,43.2051411,56.07071787,43.52028937,56.47971063,45.59266437,51.91521993,46.75792598,53.24207402,-13.34748754,"R"
"West Virginia",2012,-521579,0.387056637227163,34490,35.53930416,62.29584242,36.32570237,63.67429763,42.58975038,55.71034311,43.32625623,56.67374377,43.2051411,56.07071787,43.52028937,56.47971063,-27.34859526,"R"
"West Virginia",2016,-46843,0.486910675834195,37067,26.47692802,68.63057481,27.83894775,72.16105225,35.53930416,62.29584242,36.32570237,63.67429763,42.58975038,55.71034311,43.32625623,56.67374377,-44.3221045,"R"
"West Virginia",2020,-269607,0.456378323437273,42615,29.69652124,68.63155192,30.20146769,69.79853231,26.47692802,68.63057481,27.83894775,72.16105225,35.53930416,62.29584242,36.32570237,63.67429763,-39.59706462,"R"
"West Virginia",2024,-379095,0.40590304236777,52826,NA,NA,NA,NA,NA,NA,30.20146769,NA,NA,NA,27.83894775,NA,NA,NA
"Wisconsin",2008,2909430,0.664481107989943,37522,56.21778652,42.31366249,57.05567825,42.94432175,49.69971708,49.31987146,50.19180327,49.80819673,47.83281966,47.61316351,50.1150683,49.8849317,14.1113565,"D"
"Wisconsin",2012,-426113,0.480068941304379,41069,52.77616254,45.93834671,53.46342998,46.53657002,56.21778652,42.31366249,57.05567825,42.94432175,49.69971708,49.31987146,50.19180327,49.80819673,6.92685996,"D"
"Wisconsin",2016,-104645,0.493760430834067,45932,46.45384137,47.21818457,49.59201096,50.40798904,52.77616254,45.93834671,53.46342998,46.53657002,56.21778652,42.31366249,57.05567825,42.94432175,-0.815978079999994,"R"
"Wisconsin",2020,2778401,0.585422369252385,52370,49.44953686,48.82243732,50.31906327,49.68093673,46.45384137,47.21818457,49.59201096,50.40798904,52.77616254,45.93834671,53.46342998,46.53657002,0.638126540000002,"D"
"Wisconsin",2024,927679,0.544863460043921,64976,NA,NA,NA,NA,NA,NA,50.31906327,NA,NA,NA,49.59201096,NA,NA,NA
"Wyoming",2008,85384,0.52503186737543,45634,32.50949377,64.7137746,33.43797664,66.56202336,29.02309102,68.73956885,29.68729683,70.31270317,28.29838204,69.22274314,29.01769436,70.98230564,-33.12404672,"R"
"Wyoming",2012,-991086,0.301656336079885,50630,27.63690612,68.19358519,28.83936599,71.16063401,32.50949377,64.7137746,33.43797664,66.56202336,29.02309102,68.73956885,29.68729683,70.31270317,-42.32126802,"R"
"Wyoming",2016,-520559,0.343118268487193,56122,21.62890088,67.39841105,24.29468037,75.70531963,27.63690612,68.19358519,28.83936599,71.16063401,32.50949377,64.7137746,33.43797664,66.56202336,-51.41063926,"R"
"Wyoming",2020,-303158,0.448990985364173,61851,26.38786656,69.49978995,27.51956562,72.48043438,21.62890088,67.39841105,24.29468037,75.70531963,27.63690612,68.19358519,28.83936599,71.16063401,-44.96086876,"R"
"Wyoming",2024,-831668,0.299233111950978,82060,NA,NA,NA,NA,NA,NA,27.51956562,NA,NA,NA,24.29468037,NA,NA,NA
