FIPS,State,1929,1930,1931,1932,1933,1934,1935,1936,1937,1938,1939,1940,1941,1942,1943,1944,1945,1946,1947,1948,1949,1950,1951,1952,1953,1954,1955,1956,1957,1958,1959,1960,1961,1962,1963,1964,1965,1966,1967,1968,1969,1970,1971,1972,1973,1974,1975,1976,1977,1978,1979,1980,1981,1982,1983,1984,1985,1986,1987,1988,1989,1990,1991,1992,1993,1994,1995,1996,1997,1998,1999,2000,2001,2002,2003,2004,2005,2006,2007,2008,2009,2010,2011,2012,2013,2014,2015,2016,2017,2018,2019,2020,2021,2022,2023
01000,Alabama,319,263,220,159,164,207,216,249,266,242,251,281,379,532,676,753,799,763,809,881,838,919,1071,1137,1193,1167,1305,1390,1460,1496,1553,1585,1616,1695,1782,1914,2048,2184,2311,2536,2831,3081,3345,3672,4088,4477,4918,5438,5920,6609,7275,7959,8793,9269,9908,10840,11601,12220,12830,13800,14975,15860,16585,17574,18116,18963,19874,20599,21487,22651,23296,24258,25046,25671,26700,28385,29780,31264,32516,33441,32717,33849,34887,35564,35713,36729,38197,38712,39975,41330,43001,45854,50483,51683,54209
02000,Alaska,(NA),(NA),(NA),(NA),(NA),(NA),(NA),(NA),(NA),(NA),(NA),(NA),(NA),(NA),(NA),(NA),(NA),(NA),(NA),(NA),(NA),2899,3401,3255,3169,2927,2886,3022,2897,3001,3126,3521,3347,3378,3518,3835,4016,4276,4545,4790,5322,5911,6269,6636,7525,8827,11205,12447,12789,13018,13744,15507,17086,19417,19479,19690,20586,20322,19642,20406,22117,23207,23518,24227,25020,25691,26369,26910,28219,29287,29941,31996,33591,34766,36045,37054,39013,41013,43747,47800,47211,49543,52415,53340,52252,55098,56714,55535,56499,58997,60504,61858,65563,69015,71611
04000,Arizona,598,518,430,322,309,362,416,462,506,479,491,506,649,953,1045,1076,1150,1131,1199,1354,1343,1408,1677,1779,1778,1766,1833,1937,1984,1988,2076,2162,2210,2277,2315,2427,2528,2701,2879,3233,3643,4020,4354,4711,5145,5546,5825,6309,6858,7768,8712,9676,10755,11129,11942,13038,13987,14720,15208,16025,16779,17317,17745,18287,18924,19836,20712,21681,22757,24130,24866,26271,26946,27325,28384,30154,32150,34460,35602,35586,33467,33774,35244,36333,36877,38220,39836,41122,43208,45260,47699,52042,56976,58968,62543
05000,Arkansas,303,224,207,152,153,182,204,243,253,228,246,257,344,491,572,698,753,760,740,881,818,849,970,1043,1084,1100,1202,1262,1280,1339,1436,1424,1535,1600,1676,1799,1902,2109,2238,2419,2681,2915,3176,3504,4069,4453,4769,5247,5736,6546,7090,7601,8592,9021,9518,10538,11165,11708,12106,13015,13934,14621,15313,16431,16945,17743,18582,19427,20176,21203,21842,22731,23841,24280,25564,27024,28043,29376,31036,32157,31411,32218,34180,36287,36285,38218,39266,40179,41402,43029,43736,47103,52845,55323,57635
06000,California,994,889,753,584,550,605,665,776,801,779,790,856,1034,1324,1589,1616,1620,1706,1724,1816,1800,1947,2166,2303,2345,2323,2478,2597,2683,2705,2847,2931,2986,3110,3211,3383,3531,3784,4001,4334,4676,4965,5209,5652,6123,6731,7320,7975,8681,9661,10758,11950,13150,13785,14587,15877,16788,17581,18418,19590,20542,21483,21877,22664,22990,23556,24596,25864,26979,28901,30529,33175,33915,34047,35191,36969,38737,41454,43070,43391,41660,43138,45509,47794,48076,50619,53817,55863,58214,60984,64219,70098,76882,76941,81255
08000,Colorado,631,574,472,357,353,372,445,542,534,508,519,548,655,917,1067,1087,1213,1231,1372,1489,1478,1584,1881,1973,1905,1881,1979,2078,2223,2272,2379,2461,2540,2602,2673,2779,2942,3127,3294,3539,3896,4290,4671,5064,5579,6142,6670,7211,7854,8824,9818,11019,12372,13218,13943,15009,15720,16185,16617,17620,18903,19843,20558,21600,22608,23586,24948,26269,27554,29776,31167,33872,34812,34405,34757,35753,37619,39869,41760,42961,40258,40827,43732,45490,47082,50244,51394,51306,54171,57794,61276,64693,71706,76674,80068
09000,Connecticut,1029,927,807,627,591,661,715,815,870,779,847,931,1159,1440,1621,1622,1592,1600,1721,1742,1682,1918,2191,2336,2431,2389,2516,2730,2859,2673,2769,2860,2978,3108,3187,3336,3514,3797,4118,4328,4898,5158,5394,5800,6319,6879,7367,7951,8752,9720,10909,12371,13800,14852,15797,17536,18723,20007,21590,23717,25633,26392,26615,28540,29390,30153,31733,33122,35017,37638,39479,42857,45032,44656,44898,47098,49424,53224,57112,60543,59586,61392,62964,63555,61999,64482,66220,67550,69146,72157,74176,76829,81758,84994,89945
10000,Delaware,1031,858,776,591,566,647,706,872,955,801,907,1038,1179,1312,1491,1529,1552,1579,1677,1679,1804,2082,2168,2258,2350,2329,2542,2797,2697,2728,2793,2873,2888,3014,3140,3302,3561,3687,3868,4148,4521,4724,5032,5446,5979,6426,6844,7430,7971,8696,9549,10815,11886,12720,13431,14643,15727,16492,17490,18912,20692,21462,22276,22808,23300,23912,24882,26190,27022,29444,31119,33810,36917,37660,37985,38843,39133,40736,41539,41254,41056,41101,43781,43775,43948,45364,47244,48192,50002,52674,53780,55501,59630,63964,66850
11000,District of Columbia,1324,1314,1253,1107,945,963,1031,1143,1211,1142,1164,1221,1271,1474,1630,1670,1754,1826,1878,2120,2286,2427,2547,2693,2599,2621,2623,2840,2939,3027,3106,3125,3236,3438,3605,3827,4129,4344,4655,4968,4939,5528,6191,6781,7246,8004,8834,9548,10469,11349,12204,13234,14248,15253,16108,17523,18539,19397,20434,22666,24243,26117,27527,29036,30311,31325,32021,33799,35657,38064,39679,43401,44809,45124,45978,49986,52686,55384,59358,60609,60011,63182,66950,67470,67024,70466,74728,77453,79535,82254,83664,90702,97796,101015,106816
12000,Florida,519,468,397,317,289,348,378,453,491,466,502,531,634,837,1057,1154,1215,1200,1195,1240,1246,1351,1440,1539,1636,1628,1743,1870,1915,1967,2091,2105,2130,2209,2299,2449,2599,2781,3007,3355,3765,4131,4433,4860,5371,5757,6107,6557,7182,8064,8941,10153,11337,11924,12850,13908,14814,15597,16330,17580,19057,19765,20109,20812,21623,22289,23464,24443,25397,26909,27662,29387,30405,30815,31779,33706,35736,38009,39184,39185,36777,38778,40433,41204,40733,42865,44945,45720,48439,51009,53663,56540,62242,64557,68703
13000,Georgia,343,303,254,197,202,241,267,300,312,288,308,338,432,592,749,852,899,859,896,997,983,1087,1240,1322,1369,1351,1475,1552,1580,1631,1709,1749,1799,1901,2024,2148,2331,2545,2750,2986,3292,3542,3823,4203,4656,5019,5354,5881,6396,7154,7850,8604,9594,10237,11066,12305,13191,14104,14847,15948,16928,17831,18333,19347,20070,21070,22210,23437,24356,26107,27184,28760,29693,30086,30805,31982,33283,34574,35440,35272,34213,34741,36761,37251,37486,39551,41529,42744,44838,46626,48530,51463,56088,57290,59882
15000,Hawaii,(NA),(NA),(NA),(NA),(NA),(NA),(NA),(NA),(NA),(NA),(NA),(NA),(NA),(NA),(NA),(NA),(NA),(NA),(NA),(NA),(NA),1580,1839,2056,2114,2110,2105,2130,2161,2121,2290,2516,2661,2750,2949,3125,3412,3674,3915,4338,4903,5538,5791,6170,6643,7412,7907,8367,8828,9640,10572,11872,12705,13243,14265,15038,15819,16593,17380,18952,20880,22431,23272,24530,25115,25376,25756,25620,26192,26625,27618,29174,30178,31353,32557,34336,36278,38315,40301,41887,41144,41499,42765,43531,43553,45448,47150,48555,50499,51546,53936,56998,61063,62564,66175
16000,Idaho,499,488,366,268,228,389,394,466,421,421,431,459,594,919,1040,1110,1144,1203,1273,1352,1297,1352,1532,1693,1596,1612,1651,1792,1857,1882,1959,1961,2035,2150,2230,2316,2615,2638,2808,2971,3382,3691,3918,4329,4885,5566,5850,6343,6726,7497,8007,8857,9597,9956,10795,11385,11995,12286,12867,13948,15209,16143,16517,17619,18660,19329,20206,20999,21465,22756,23658,25139,25803,26272,26739,28299,29214,31244,32459,32690,31200,31950,33454,34825,35716,37128,38838,39676,41218,43270,45888,49609,55417,57140,59385
17000,Illinois,951,810,673,489,441,508,576,654,734,652,710,758,901,1049,1278,1405,1488,1550,1651,1817,1690,1842,2041,2106,2223,2193,2288,2473,2542,2511,2639,2698,2792,2907,2989,3142,3373,3608,3801,4055,4392,4632,4936,5332,5947,6494,7064,7644,8369,9213,10118,10954,12127,12860,13417,14765,15537,16362,17242,18655,19869,21024,21276,22714,23299,24327,25602,27020,28360,29873,30958,33072,34206,34520,35081,36366,37720,40021,42148,43238,41088,42107,44074,45932,46731,48531,50682,51340,53049,56072,57735,61584,66666,68566,72245
18000,Indiana,605,512,435,308,294,357,419,481,546,472,518,552,726,919,1150,1209,1265,1211,1316,1448,1357,1525,1719,1786,1952,1810,1908,2011,2046,2023,2141,2223,2264,2421,2509,2639,2877,3058,3170,3419,3741,3849,4151,4503,5136,5472,5907,6540,7197,7968,8732,9368,10288,10682,11246,12448,13149,13862,14616,15634,16924,17763,18134,19396,20212,21271,22014,23043,24066,25758,26545,28075,28596,28902,29445,30657,31376,32905,33845,35270,34200,35590,37682,39150,39436,40721,42149,43145,44570,46556,48270,51746,57272,58973,61243
19000,Iowa,571,501,396,293,252,271,418,391,513,451,468,494,603,829,1024,1004,1096,1238,1211,1621,1362,1539,1647,1743,1676,1815,1696,1784,1969,2017,2053,2085,2207,2307,2455,2571,2851,3082,3105,3335,3698,3923,4082,4559,5466,5657,6293,6640,7300,8406,9017,9612,10895,11268,11557,12914,13504,14139,14899,15434,16785,17627,17948,19076,19036,20657,21363,23168,24180,25198,25705,27341,28145,28804,29344,31615,32411,34197,36366,38490,37246,38190,40880,42541,43012,44123,45445,45672,46769,48775,49675,52625,58207,61575,62779
20000,Kansas,526,460,394,267,251,288,360,387,427,383,382,425,556,860,1062,1182,1179,1142,1304,1350,1314,1481,1622,1864,1779,1839,1800,1871,1966,2144,2149,2211,2275,2351,2420,2558,2731,2933,3075,3321,3665,3956,4298,4772,5417,5848,6358,6850,7413,8151,9251,10080,11338,12208,12649,13815,14521,15189,15748,16520,17414,18436,18957,20105,20836,21579,22321,23645,24932,26201,26871,28166,29047,29218,30029,30748,32340,35411,37748,41060,39382,39822,42889,44914,45670,46290,46597,46718,48272,50283,52156,55101,59021,62326,66115
21000,Kentucky,388,322,287,209,204,232,264,293,339,296,305,322,401,551,717,778,815,835,870,1001,940,998,1172,1256,1327,1311,1368,1452,1508,1561,1621,1651,1750,1844,1928,1990,2150,2345,2518,2733,3037,3261,3476,3801,4227,4698,5039,5536,6135,6769,7535,8154,9051,9607,9951,11101,11584,11932,12583,13733,14770,15610,16359,17397,17855,18584,19283,20279,21369,22433,23189,24815,25564,26053,26661,28030,29104,30476,31529,32830,32198,33187,34607,35631,35759,37226,38768,39321,40404,41658,43467,47054,51769,52705,55360
22000,Louisiana,409,353,315,238,226,263,289,328,352,347,359,365,465,617,811,896,908,845,890,1023,1082,1132,1234,1309,1374,1364,1419,1532,1650,1669,1716,1715,1770,1841,1944,2036,2174,2369,2576,2805,2975,3195,3427,3698,4098,4620,5113,5672,6234,7029,7846,8850,10053,10649,11018,11693,12161,12177,12376,13250,14168,15363,16091,17051,17791,18816,19601,20370,21307,22265,22677,23907,25630,26281,26987,27983,29970,33627,36208,38328,36803,38067,38966,40662,40997,42533,42484,42132,43486,45464,47015,50136,54959,55729,58845
23000,Maine,600,574,492,380,373,418,435,509,514,476,500,532,641,873,1126,1123,1101,1148,1182,1270,1214,1226,1360,1490,1505,1508,1644,1733,1793,1866,1924,2002,1987,2067,2137,2309,2482,2632,2750,2958,3262,3569,3764,4047,4498,4933,5266,5915,6340,6939,7635,8568,9389,10173,10893,11908,12793,13766,14701,15996,17201,17748,17995,18809,19364,20148,21009,22079,23260,24830,25793,27478,28821,29546,30740,32096,32684,34168,35402,36960,37107,38018,39503,39993,39952,41140,42943,44238,45909,47732,49984,54297,59175,61690,65105
24000,Maryland,775,721,646,522,475,532,558,627,674,644,673,723,896,1157,1325,1359,1349,1352,1385,1548,1541,1702,1895,2039,2115,2032,2141,2281,2377,2337,2402,2486,2593,2727,2815,2974,3144,3377,3615,3932,4456,4867,5252,5679,6221,6751,7265,7887,8505,9407,10311,11477,12669,13670,14559,15941,17100,18167,19214,20757,22110,23104,23627,24492,25222,26140,27039,28070,29363,31417,32948,35480,37012,37995,39295,41515,43311,45293,47033,49026,48448,49617,51803,52490,51880,53084,55041,56614,58251,59919,61725,64884,69081,71340,75391
25000,Massachusetts,911,842,766,622,568,618,653,725,742,683,736,793,921,1102,1296,1330,1382,1422,1458,1532,1498,1685,1857,1944,1994,1973,2116,2241,2350,2362,2468,2548,2647,2773,2845,2980,3148,3369,3622,3938,4255,4552,4834,5203,5632,6090,6560,7078,7712,8522,9482,10688,11859,12996,14046,15715,16881,18143,19477,21343,22455,23115,23510,24613,25448,26579,27928,29490,31026,32767,34767,38381,39711,39419,40158,42242,44061,47311,49662,51546,50751,52708,54764,56269,56130,58141,61548,63487,66076,69195,72383,77435,83805,86200,90596
26000,Michigan,792,658,540,395,348,454,532,621,687,574,628,683,834,1058,1372,1403,1342,1338,1474,1561,1523,1717,1896,1984,2198,2069,2229,2270,2304,2233,2334,2411,2402,2561,2692,2904,3156,3379,3475,3813,4107,4200,4530,5001,5554,5918,6340,7070,7913,8778,9566,10232,10987,11492,12333,13594,14710,15553,16003,17074,18313,19048,19312,20265,21198,22660,23767,24773,25800,27286,28506,30250,30694,30595,31267,32092,32756,33563,34669,35826,34247,35635,37689,39043,39293,40830,42984,44081,45264,47088,48577,52798,56916,58009,61144
27000,Minnesota,594,547,457,361,310,359,449,474,538,493,517,524,616,799,955,1012,1119,1193,1271,1451,1335,1447,1595,1650,1731,1748,1818,1864,1958,2044,2090,2182,2263,2356,2486,2566,2808,3023,3211,3493,3829,4117,4353,4714,5500,5903,6340,6801,7612,8487,9359,10284,11313,12063,12698,14335,15134,15927,16815,17539,18969,19929,20337,21562,21921,23211,24283,25878,27067,29141,30240,32348,33417,33889,35195,37084,37812,39362,41325,42983,40963,42539,45137,47404,47419,49365,51362,51990,53832,56205,57905,61328,67460,69903,72557
28000,Mississippi,277,197,169,122,127,167,174,222,220,196,201,212,316,457,553,642,640,618,669,797,711,780,866,921,955,946,1069,1077,1088,1180,1275,1267,1359,1397,1534,1590,1722,1879,2048,2250,2496,2736,2974,3327,3736,4056,4360,4887,5375,5917,6634,7168,8007,8394,8746,9509,9974,10324,10916,11737,12707,13353,13973,14881,15656,16724,17470,18360,19219,20173,20681,21628,22806,23202,24060,25287,26716,27827,29432,30736,30220,31213,32454,33441,33976,34624,35100,35638,36580,37624,39143,42448,46869,47134,49652
29000,Missouri,619,560,489,365,334,368,421,467,508,476,504,520,646,819,980,1083,1147,1200,1230,1378,1332,1438,1574,1682,1763,1756,1849,1937,1980,2109,2196,2226,2289,2407,2505,2616,2828,2993,3174,3492,3645,3945,4222,4562,5045,5386,5883,6409,7070,7828,8695,9374,10438,11166,11889,13086,13940,14608,15232,16147,17258,17917,18580,19566,20247,21271,22201,23270,24469,25506,26281,27857,28634,29144,30054,31396,32256,33860,35228,37124,36306,36984,38402,39983,40121,41380,42677,43826,44781,46680,48425,52145,56639,59007,62604
30000,Montana,592,501,387,334,299,365,475,478,514,515,530,566,708,901,1155,1185,1212,1309,1480,1638,1433,1678,1834,1855,1842,1807,1934,1971,2034,2124,2081,2137,2090,2437,2406,2447,2629,2814,2895,3040,3387,3735,3920,4492,5149,5521,5978,6337,6739,7768,8299,9148,10303,10737,11157,11687,11840,12440,12862,13346,14711,15470,16323,16965,17939,18082,18710,19378,20127,21431,21723,22982,23910,24516,26114,28034,29839,31870,33841,35569,34479,36000,38152,40220,40146,41855,43100,43306,45373,47211,49655,53488,58981,61567,64989
31000,Nebraska,584,510,409,303,273,264,405,395,414,402,399,440,548,823,1029,1101,1197,1187,1269,1545,1361,1583,1667,1797,1705,1793,1693,1718,1996,2108,2112,2216,2223,2386,2433,2491,2761,2995,3097,3282,3649,3897,4234,4645,5382,5570,6336,6597,7123,8208,8844,9392,10858,11643,12031,13344,14101,14606,15307,16359,17320,18486,19014,19974,20460,21592,22561,24321,24880,26387,27467,28924,30184,30553,32268,33496,34401,35718,38184,40291,39422,41086,45611,46391,45918,48195,49716,48695,49538,51439,53514,56749,63526,67065,71347
32000,Nevada,874,834,665,557,499,560,667,845,775,785,864,902,1001,1592,1550,1526,1658,1786,1791,1811,1868,2089,2315,2513,2574,2542,2657,2634,2719,2780,2932,3079,3153,3369,3350,3388,3480,3656,3857,4340,4747,5191,5501,5847,6381,6746,7331,7994,8815,10045,10942,11949,12975,13332,13893,14741,15553,16295,17009,18443,19632,20512,21250,22540,23337,24306,25339,26608,27464,29256,30301,31858,32418,32180,33136,35173,37907,39437,39870,38640,36125,37288,38589,39671,39319,41112,43783,44700,46977,49278,51937,54676,60805,62467,66238
33000,New Hampshire,688,648,560,430,420,480,504,542,570,537,566,586,720,871,1002,1082,1139,1168,1233,1312,1297,1373,1538,1612,1692,1746,1869,1951,2065,2071,2198,2271,2356,2464,2503,2635,2787,3031,3235,3513,3842,3997,4225,4557,5005,5406,5786,6418,7050,7932,8896,10043,11217,12199,13270,14693,15883,17072,18292,19682,20665,20681,21459,22323,22812,24071,25205,26298,27985,30348,31857,35323,36782,37013,37374,39324,40404,42866,44422,45713,45119,46983,49088,50719,50428,51993,54166,55681,57882,60338,63947,67537,73682,74827,78944
34000,New Jersey,921,851,741,593,529,578,631,715,753,704,757,830,969,1185,1454,1576,1609,1547,1589,1667,1639,1820,2024,2144,2262,2246,2322,2469,2575,2480,2611,2712,2777,2936,3008,3163,3344,3577,3810,4135,4581,4909,5229,5642,6143,6673,7203,7817,8554,9475,10493,11806,13118,14127,15193,16684,17776,18891,20169,22105,23671,24755,25103,26699,27350,28083,29555,30999,32705,34580,35854,39095,40189,40454,41167,42825,44238,47366,50133,51606,49828,50962,52862,54247,54380,56383,58425,59793,61716,64206,67522,70433,76052,77744,82103
35000,New Mexico,405,333,287,208,211,246,293,343,362,338,356,377,476,656,803,908,971,947,1026,1156,1188,1260,1410,1506,1536,1557,1641,1725,1842,1952,2022,2004,2073,2124,2174,2260,2383,2517,2620,2854,3109,3420,3677,4039,4421,4858,5391,5846,6382,7148,7877,8649,9597,10273,10820,11612,12384,12656,13010,13675,14514,15308,16044,16784,17595,18265,19191,19782,20509,21318,21523,23019,24545,25237,26108,27366,28744,30433,31780,33552,32901,33658,35069,35695,34858,36880,37753,38475,39197,40977,43224,46486,50691,53079,55343
36000,New York,1156,1042,889,686,634,688,732,819,848,801,837,883,1012,1191,1416,1569,1681,1725,1751,1783,1738,1868,2020,2075,2160,2190,2310,2432,2542,2608,2750,2847,2936,3055,3160,3351,3531,3768,4044,4435,4619,4920,5234,5603,6022,6533,7066,7510,8158,8949,9832,11006,12263,13312,14288,15726,16801,17903,18991,20814,22439,23992,23898,25050,25561,26234,27549,28886,30398,31995,33641,35955,37176,36972,37420,39093,40645,43760,47020,47909,46936,48579,50775,52628,52875,54495,56603,58392,62196,64218,66454,70396,76016,77502,82323
37000,North Carolina,327,287,244,183,203,247,267,294,321,291,312,323,430,588,713,778,835,875,905,1008,978,1095,1217,1256,1304,1330,1404,1473,1462,1540,1619,1666,1729,1840,1921,2055,2194,2421,2588,2825,3152,3397,3626,4025,4491,4881,5229,5745,6211,6922,7568,8350,9309,9864,10639,11850,12628,13470,14301,15510,16692,17481,17978,19222,20067,20928,21959,23000,24189,25385,26158,27410,27782,27856,28709,30586,32209,34189,35960,37772,35921,35847,36816,38867,38062,39866,41617,42582,44207,46040,48369,51758,57008,58953,61839
38000,North Dakota,377,308,195,178,151,184,271,238,324,282,316,352,521,658,959,1020,1037,1079,1467,1462,1231,1388,1480,1351,1372,1407,1544,1615,1662,1931,1757,1909,1730,2441,2249,2220,2584,2623,2714,2864,3205,3397,3868,4576,6383,6304,6549,6357,6564,8235,8446,8059,10469,11144,11583,12427,12915,13250,13773,12911,14656,16084,16362,17839,17991,19435,19376,21584,21194,23286,23683,25842,26493,27197,29663,29984,31731,33120,36501,40973,40186,44084,48886,56077,54358,56665,52981,51307,51839,55180,56660,60368,65974,71238,72041
39000,Ohio,772,664,563,403,387,457,519,597,651,565,620,664,828,1032,1273,1330,1361,1324,1411,1541,1456,1611,1841,1923,2031,1974,2098,2193,2256,2194,2331,2410,2426,2539,2630,2781,2970,3200,3325,3633,3957,4137,4376,4743,5252,5752,6143,6752,7464,8231,9088,9928,10807,11342,12029,13271,14098,14764,15379,16496,17687,18682,18991,20044,20735,21796,22742,23719,25024,26388,27119,28496,29261,29669,30471,31588,32419,33976,35371,36654,35593,36580,38928,40280,40754,42278,43801,44576,46116,47822,49395,52842,57340,58391,61495
40000,Oklahoma,449,365,294,214,220,250,296,322,375,345,348,374,436,639,802,965,989,960,1031,1144,1180,1164,1319,1438,1518,1504,1560,1642,1711,1856,1919,1974,2006,2054,2112,2256,2424,2585,2784,3032,3335,3634,3882,4197,4696,5153,5677,6145,6733,7517,8557,9631,11044,11902,11880,12752,13326,13486,13588,14393,15387,16232,16604,17389,17895,18520,19152,20092,21071,22009,22390,24124,25557,25999,27184,29194,31699,34650,35493,39154,35835,37157,39693,41903,43605,45882,44277,42052,43871,46029,48176,50022,54500,58043,60545
41000,Oregon,666,605,504,377,357,437,459,547,556,531,571,611,823,1132,1403,1402,1372,1390,1515,1676,1641,1695,1876,1961,1973,1929,2048,2146,2133,2182,2322,2366,2435,2542,2626,2773,2933,3107,3278,3524,3798,4065,4364,4788,5291,5889,6418,7091,7712,8592,9460,10237,10927,11254,12029,12953,13581,14233,14820,15952,17213,18153,18686,19528,20428,21444,22624,23919,24900,25915,26498,28257,28774,28759,29523,30980,32125,34488,35624,36856,35286,35941,37531,39128,39462,41653,44166,45467,47565,50209,52189,56577,62347,64107,67838
42000,Pennsylvania,776,717,605,455,423,487,524,608,643,570,609,659,786,965,1169,1272,1305,1305,1378,1437,1403,1552,1719,1797,1903,1835,1923,2071,2184,2175,2247,2305,2342,2452,2530,2684,2854,3066,3279,3546,3862,4135,4362,4753,5219,5743,6259,6838,7505,8283,9156,10038,11079,11847,12436,13437,14298,15022,15818,17137,18526,19566,20267,21238,21911,22592,23556,24699,25935,27309,28416,30339,31563,32084,33066,34860,36173,37803,40008,41467,40446,42098,44120,45638,45904,47469,49293,50574,51888,54468,56139,60249,63788,65401,68945
44000,Rhode Island,881,795,718,584,569,609,655,721,742,683,732,767,958,1189,1246,1312,1318,1405,1488,1468,1414,1601,1779,1835,1930,1931,2040,2081,2110,2197,2317,2358,2457,2603,2703,2849,3049,3307,3546,3820,4015,4306,4499,4836,5158,5547,6068,6600,7187,7868,8742,9901,10971,11799,12741,13890,14864,15799,16655,18289,19816,20309,20431,21305,22149,22689,23873,24599,25898,27493,28432,30350,31795,32801,34256,35867,36746,38719,40608,41487,40588,42631,44099,45305,45112,46639,48058,48523,50423,52135,55126,59255,62907,64406,67562
45000,South Carolina,267,239,203,156,172,207,228,256,271,248,275,314,415,580,675,753,772,791,803,926,885,943,1158,1238,1274,1210,1272,1306,1337,1368,1448,1493,1556,1658,1728,1845,2024,2251,2416,2656,2959,3225,3449,3792,4213,4655,4963,5472,5886,6537,7219,7967,8839,9315,10034,11048,11713,12371,13087,14128,15178,16106,16505,17306,17976,18848,19740,20719,21685,22900,23687,25025,25644,26122,26792,27892,29136,30789,32190,33110,31973,32747,34398,35794,35906,37735,39577,40732,42368,43804,46143,48770,53224,54429,57332
46000,South Dakota,415,357,242,189,136,190,305,248,321,317,341,357,470,755,853,976,1083,1121,1254,1503,1121,1298,1520,1357,1483,1509,1391,1474,1737,1811,1621,1940,1924,2154,2081,2062,2350,2574,2662,2861,3108,3386,3684,4215,5310,5313,5829,5726,6477,7460,8222,8275,9648,10153,10501,11858,12144,12711,13366,13952,15044,16474,17028,18147,18722,19943,20144,22117,22571,24265,25251,26727,27563,27497,29883,31871,33534,34983,38330,40891,39435,41274,44530,44992,44983,46727,48302,48279,49404,51575,54406,59429,67029,69724,72466
47000,Tennessee,373,321,273,194,201,242,263,303,332,298,310,339,441,570,745,879,926,880,896,970,959,1040,1140,1200,1300,1300,1351,1448,1507,1553,1640,1659,1733,1815,1902,2016,2182,2387,2532,2809,3032,3264,3538,3906,4384,4778,5138,5664,6174,6943,7620,8280,9157,9693,10317,11403,12130,12916,13751,14850,15836,16710,17334,18619,19472,20345,21452,22274,23237,25091,25756,26998,27496,28102,29059,30435,31410,32878,33963,34954,34427,35809,37698,39082,39102,40230,41942,42943,44411,46452,48905,51959,57508,59210,62229
48000,Texas,474,407,345,262,254,291,325,372,418,404,417,438,539,742,970,1068,1082,1061,1154,1221,1319,1392,1524,1606,1641,1681,1752,1837,1913,1934,2013,2020,2092,2147,2219,2354,2507,2713,2934,3203,3493,3782,4007,4352,4835,5342,5947,6528,7124,8023,8978,9986,11407,12095,12577,13533,14346,14422,14605,15480,16399,17451,17913,18941,19604,20266,21223,22362,23924,25543,26452,28253,29601,29481,30176,31097,33136,35422,36879,39841,37234,38910,41937,43863,44396,46739,46760,45862,48518,51341,53268,54805,60211,62987,66252
49000,Utah,548,494,372,304,297,314,391,463,447,446,460,484,600,907,1164,1078,1153,1121,1196,1287,1295,1391,1600,1657,1667,1640,1738,1835,1950,1973,2054,2122,2187,2326,2377,2492,2599,2727,2849,3024,3254,3558,3855,4179,4520,4930,5341,5866,6412,7119,7747,8365,9158,9663,10117,10972,11601,12046,12471,13206,14035,15004,15663,16390,17102,17920,19003,20156,21229,22207,22995,24162,24867,25167,25749,26980,28751,31107,32924,33784,31796,32038,34022,35633,36116,37638,39899,41312,43044,45473,48168,51742,58191,60782,64175
50000,Vermont,630,572,471,363,337,381,415,470,485,458,492,519,650,783,947,963,1047,1096,1132,1220,1147,1189,1364,1410,1463,1491,1560,1697,1764,1780,1879,1975,2053,2139,2195,2340,2530,2808,2969,3215,3468,3728,3967,4294,4661,4996,5401,5928,6339,7171,7939,8793,9817,10578,11286,12305,13265,14165,15128,16307,17757,18226,18479,19602,20184,20936,21837,22816,24042,25747,27000,29002,30704,31194,32282,33955,34573,36609,38595,40774,40358,41492,43756,44861,45298,46897,48120,48831,50011,51692,54278,58134,60818,63624,66932
51000,Virginia,435,387,371,286,286,323,354,394,426,394,431,480,614,847,887,938,987,1050,1052,1202,1185,1327,1512,1615,1647,1677,1754,1829,1868,1895,2006,2050,2126,2248,2364,2559,2729,2923,3161,3459,3868,4157,4505,4922,5424,5924,6404,6969,7613,8514,9425,10571,11692,12526,13344,14626,15620,16572,17487,18860,20122,20840,21452,22390,23180,24085,25011,25935,27328,28965,30574,32631,33940,34495,36151,38082,40027,42164,44020,45383,44091,45443,47564,49052,48198,49764,51620,52659,54380,56133,58363,61403,66983,69707,73841
53000,Washington,740,657,534,402,376,442,491,570,601,583,618,667,885,1233,1507,1557,1452,1432,1531,1678,1656,1797,1955,2063,2168,2183,2222,2277,2371,2376,2480,2539,2640,2788,2841,2968,3190,3498,3689,3986,4258,4400,4595,4955,5532,6152,6831,7424,8062,9101,10156,11133,12127,12761,13555,14356,15076,15908,16493,17598,19007,20219,21149,22220,22836,23570,24436,25841,27245,29355,30786,32538,32986,33222,34267,36309,37202,39744,42524,44098,41679,42327,44281,47057,47454,50265,52415,54302,56805,59827,63432,67643,73651,75673,80930
54000,West Virginia,459,407,354,257,259,313,338,391,419,371,390,409,500,617,748,829,900,931,1036,1105,1016,1051,1179,1244,1273,1223,1318,1478,1597,1587,1633,1660,1705,1800,1893,2019,2171,2318,2465,2622,2832,3156,3418,3729,4062,4481,4991,5455,6012,6641,7335,8014,8723,9263,9539,10335,10885,11291,11690,12688,13606,14607,15195,16269,16767,17463,18016,18736,19585,20451,21017,22275,23731,24506,24804,25628,26836,28528,29544,31494,31653,32642,34490,35233,35092,36242,37067,37074,38840,41000,42615,44869,48802,50134,52826
55000,Wisconsin,670,585,469,362,334,380,461,518,551,508,515,548,673,872,1065,1116,1191,1214,1298,1436,1391,1515,1750,1814,1850,1786,1891,2007,2078,2089,2237,2270,2315,2423,2465,2619,2788,3016,3161,3428,3752,3988,4251,4609,5125,5605,6099,6676,7416,8249,9172,10038,10915,11509,12118,13270,13953,14694,15385,16255,17594,18435,18953,20166,20967,22063,22981,24080,25409,27018,27892,29493,30812,31406,32084,33319,34218,36047,37522,38857,38138,39048,41069,42641,42688,44159,45932,46598,48313,50522,52370,55435,60465,61992,64976
56000,Wyoming,672,582,477,375,372,414,498,552,606,560,586,602,793,974,1171,1243,1274,1365,1511,1635,1702,1792,2023,1986,2005,1935,2006,2115,2234,2257,2352,2382,2461,2580,2616,2673,2818,2967,3184,3375,3704,4038,4404,4856,5571,6317,6853,7309,8203,9361,10436,11614,12801,13056,12872,13564,14321,14376,14327,15037,16650,18142,18836,19565,20392,21000,21773,22622,24241,25704,27404,29426,31215,31810,33642,35921,38907,43805,45634,49451,44499,46395,50630,53596,52836,56252,56122,53421,56377,59195,61851,65096,70973,76440,82060